"","ess","rejr"
"1",0.985037985351369,0.0528
"2",0.810976640478646,0.0773
"3",0.663410479047827,0.1125
"4",0.536066774947982,0.172
"5",0.428038934833354,0.2581
"6",0.33315591247349,0.3829
"7",0.250427488743054,0.5405
"8",0.177183195867179,0.7308
"9",0.112052517692194,0.9052
"10",0.0533726432073337,0.9912
