"","ess","rejr"
"1",0.975954775225747,0.0492
"2",0.803873488779965,0.0662
"3",0.659317924020252,0.088
"4",0.532734676524591,0.1261
"5",0.425662812927315,0.167
"6",0.332092888878498,0.2399
"7",0.250091890041978,0.3335
"8",0.176671976210355,0.4643
"9",0.112354193796315,0.6288
"10",0.0541141324748278,0.8614
