"","ess","rejr"
"1",0.991862328196435,0.0501
"2",0.816854125026048,0.0849
"3",0.666008069862635,0.1287
"4",0.538918619824932,0.2142
"5",0.429529906122542,0.3377
"6",0.334508349323608,0.5206
"7",0.251162572712383,0.7155
"8",0.177454159103431,0.8946
"9",0.112076741695861,0.9852
"10",0.0530469406716923,1
